customer_id;customer_name
206;Christina VanderZanden
32;Alejandro Ballentine
183;Christopher Martinez
200;Christine Sundaresam
42;Aleksandra Gannaway
165;Catherine Glotzbach
170;Chloris Kastensmidt
542;Marina Lichtenstein
559;Maribeth Schnelling
75;Adam Shillingsburg
125;Benjamin Patterson
145;Christina Anderson
154;Christopher Conant
171;Christine Kargatis
201;Christopher Schild
418;Justin MacKendrick
487;Lauren Leatherbury
537;Michelle Huthwaite
550;Muhammed MacIntyre
702;Stewart Carmichael
742;Stephanie Ulpright
815;Zuschuss Donatelli
48;Anthony Garverick
65;Anthony O'Donnell
77;Alan Schoenberger
103;Barry Französisch
109;Brooke Gillingham
146;Christine Abelman
148;Cassandra Brandow
180;Charles McCrossin
216;Deborah Brumfield
224;Dorothy Dickinson
242;Delfina Latchford
243;Denise Leinenbach
284;Eugene Hildebrand
291;Elizabeth Moffitt
299;Elpida Rittenbach
318;Giulietta Baptist
332;Georgia Rosenberg
352;Henry MacAllister
384;Jennifer Ferguson
391;Jennifer Halladay
399;Jason Klamczynski
462;Katherine Nockton
519;Michael Dominguez
525;Matthew Grinstein
526;Maureen Gastineau
545;Michelle Lonsdale
581;Natalie DeCherney
613;Phillip Flathmann
616;Patricia Hirasaki
626;Patrick O'Donnell
627;Philisse Overcash
641;Russell Applegate
659;Russell D'Ascenzo
701;Steven Cartwright
716;Stefanie Holloman
724;Susan MacKendrick
796;Tamara Willingham
799;Valerie Dominguez
69;Allen Rosenblatt
79;Alejandro Savely
96;Bruce Degenhardt
149;Christy Brittain
150;Claudia Bergmann
152;Charles Crestani
163;Christina DeMoss
181;Charlotte Melton
185;Corinna Mitchell
203;Cindy Schnelling
263;Dianna Vittorini
319;Giulietta Dortch
336;Giulietta Weimer
349;Heather Kirkland
363;Jennifer Braxton
372;Jonathan Doherty
375;Justin Deggeller
396;Jennifer Jackson
439;Katrina Bavinger
446;Katherine Ducich
452;Katherine Hughes
455;Kristen Hastings
459;Katherine Murray
486;Logan Haushalter
494;Linda Southworth
495;Lindsay Shagiari
497;Lycoris Saunders
502;Lindsay Williams
522;Michelle Ellison
523;Maureen Fritzler
529;Michael Granlund
562;Maxwell Schwartz
570;Mitch Willingham
583;Natalie Fritzler
584;Neil Französisch
657;Ross DeVincentis
661;Richard Eichhorn
691;Sample Company A
695;Sean Christensen
696;Shahid Collister
712;Speros Goranitis
730;Stefania Perrino
731;Stephanie Phelps
736;Saphhira Shifley
744;Stewart Visinsky
748;Scott Williamson
760;Tom Boeckenhauer
779;Theone Pippenger
798;Victoria Brennan
806;Victoria Pisteka
807;Vivek Sundaresam
808;Valerie Takahito
814;Zuschuss Carroll
28;Adam Bellavance
41;Alejandro Grove
45;Andrew Gjertsen
60;Anthony Johnson
84;Arthur Wiediger
87;Barry Blumstein
91;Bradley Drucker
94;Brian DeCherney
106;Benjamin Farhat
111;Brosina Hoffman
137;Bradley Talbott
139;Benjamin Venier
144;Cathy Armstrong
147;Cynthia Arntzen
151;Chad Cunningham
164;Cynthia Delaney
169;Caroline Jumper
177;Candace McMahon
195;Cari Schnelling
198;Charles Sheldon
199;Chris Selesnick
219;Dorothy Badders
233;Damala Kotsonis
258;Dan Reichenbach
262;Darrin Van Huff
283;Erica Hernandez
305;Frank Gastineau
315;George Ashbrook
338;George Zrebassa
343;Herbert Flentye
356;Helen Wasserman
367;Jasper Cacioppo
370;Julie Creighton
393;Jonathan Howell
409;Jeremy Lonsdale
431;Joni Sundaresam
443;Kelly Collister
444;Kimberly Carter
449;Katrina Edelman
451;Katharine Harms
468;Katrina Willman
470;Laura Armstrong
476;Lindsay Castell
481;Laurel Elliston
488;Liz MacKendrick
506;Michelle Arnett
507;Maria Bertelson
530;Mike Gockenbach
531;Mitch Gastineau
535;Matt Hagelstein
540;Michael Kennedy
547;Magdelene Morse
564;Michael Stewart
571;Maribeth Yedwab
572;Muhammed Yedwab
598;Neola Schneider
605;Patrick Bzostek
614;Patrick Gardner
618;Pauline Johnson
625;Patrick O'Brill
633;Penelope Sewall
645;Richard Bierner
660;Ricardo Emerson
664;Roy Französisch
667;Ritsa Hightower
680;Ricardo Sperren
705;Shirley Daniels
707;Sandra Flanagan
709;Sylvia Foulston
719;Shirley Jackson
737;Shahid Shariari
738;Shirley Schmidt
746;Susan Vittorini
754;Ted Butterfield
758;Toby Braunhardt
761;Tracy Blumstein
793;Thomas Thornton
803;Valerie Mitchum
809;Victoria Wilson
38;Alan Dominguez
44;Allen Goldenen
58;Arianne Irving
59;Anthony Jacobs
63;Alice McCarthy
64;Anne McFarland
67;Arthur Prichep
70;Andrew Roberts
72;Anemone Ratner
73;Anthony Rawles
74;Aaron Smayling
90;Bill Donatelli
92;Brendan Dodson
101;Barbara Fisher
108;Barry Gonzalez
112;Berenike Kampe
118;Bradley Nguyen
138;Brian Thompson
159;Craig Carreira
186;Craig Molinari
188;Cathy Prescott
189;Christine Phan
196;Carlos Soltero
226;David Flashing
235;Darren Koutras
237;David Kendrick
252;Doug O'Connell
255;David Philippe
267;Dorothy Wardle
275;Eugene Barchas
277;Erin Creighton
294;Eudokia Martin
302;Frank Atkinson
303;Frank Carlisle
314;Fred Wasserman
333;Grant Thornton
340;Helen Andreada
354;Hallie Redmond
364;Joni Blumstein
376;Jeremy Ellison
380;Justin Ellison
382;Jason Fortune-
413;Janet Molinari
414;Jessica Myrick
424;Julie Prescott
426;Jocasta Rupert
428;Jill Stevenson
430;John Stevenson
434;Joni Wasserman
436;Kelly Andreada
442;Karen Carlisle
450;Karen Ferguson
469;Kelly Williams
472;Laurel Beltran
474;Lena Creighton
475;Linda Cazamias
480;Lisa DeCherney
484;Lena Hernandez
501;Laurel Workman
503;Liz Willingham
512;Matt Collister
514;Matthew Clasen
524;Monica Federle
538;Mick Hernandez
549;Michelle Moray
551;Michael Nguyen
554;Michael Oakman
557;Mike Pelletier
560;MaryBeth Skach
568;Mike Vittorini
575;Nicole Brennan
590;Nancy Lomonaco
595;Nora Pelletier
600;Natalie Webber
604;Pete Armstrong
608;Phillip Breyer
609;Pamela Coakley
622;Paul MacIntyre
624;Parhena Norris
632;Paul Stevenson
636;Pauline Webber
648;Robert Barroso
655;Robert Dilbeck
662;Randy Ferguson
666;Rick Huthwaite
681;Roland Schwarz
685;Robert Waldorf
703;Stuart Calhoun
710;Sandra Glassco
713;Susan Gilcrest
715;Shahid Hopkins
721;Sara Luxemburg
722;Sally Matthias
725;Suzanne McNair
728;Sean O'Donnell
734;Sharelle Roach
756;Thomas Brumley
762;Troy Blackwell
772;Thea Hendricks
776;Tamara Manning
800;Vicky Freymann
801;Vivek Gonzalez
812;Yoseph Carroll
26;Anna Andreadi
27;Aaron Bergman
29;Adrian Barton
34;Alyssa Crouse
49;Arthur Gainer
50;Aaron Hawkins
57;Anna Häberlin
61;Ashley Jarboe
82;Annie Thurman
88;Brenda Bowman
89;Becky Castell
107;Beth Fritzler
114;Brendan Murry
119;Bill Overfelt
120;Bobby Odegard
129;Brendan Sweed
130;Brian Stugart
131;Bruce Stewart
132;Bryan Spruell
133;Beth Thompson
135;Bobby Trafton
140;Barry Weirich
156;Cindy Chapman
157;Clay Cheatham
158;Corey Catlett
160;Craig Carroll
178;Carlos Meador
190;Clay Rozendal
204;Cindy Stewart
207;Cynthia Voltz
210;Dianna Arnett
217;Dennis Bolton
218;Denny Blanton
220;Doug Bickford
227;Deirdre Greer
228;Dave Hallsten
229;Duane Huffman
247;Darrin Martin
248;Denise Monton
253;Darren Powers
257;Dennis Pardue
259;Daniel Raglin
265;Dianna Wilson
268;Erin Ashbrook
270;Edward Becker
271;Ellis Ballard
276;Evan Bailliet
281;Eric Hoffmann
282;Erica Hackney
288;Eileen Kiefer
290;Eleni McCrary
296;Evan Minnotte
297;Edward Nazzal
309;Filia McAdams
316;Guy Armstrong
329;Greg Matthias
337;Gary Zandusky
339;Helen Abelman
341;Harold Dahlen
345;Henry Goldwyn
346;Hunter Glantz
347;Hilary Holden
353;Harold Pawlan
360;Ionia McGrath
366;Julia Barnett
403;Joe Kamberova
404;Juliana Krohn
415;Jill Matthias
419;Jack O'Briant
420;Jas O'Carroll
422;Jennifer Patt
423;Jeremy Pistek
427;Justin Ritter
445;Karen Daniels
447;Keith Dawkins
453;Keith Herrera
456;Kelly Lampkin
464;Kristina Nunn
466;Kean Takahito
467;Kean Thornton
473;Lena Cacioppo
490;Liz Pelletier
516;Mick Crebagga
518;Maribeth Dona
520;Maria Etezadi
527;Maureen Gnade
528;Michael Grace
532;Marc Harrigan
533;Mark Haberlin
534;Mark Hamilton
548;Michael Moore
552;Mary O'Rourke
556;Michael Paige
561;Maurice Satty
563;Melanie Seite
566;Michelle Tran
567;Mark Van Huff
573;Maria Zettner
579;Nick Crebassa
587;Nathan Gelder
588;Nicole Hansen
601;Nick Zandusky
602;Odella Nelson
610;Pauline Chand
615;Paul Gonzalez
617;Patrick Jones
628;Phillina Ober
634;Pete Takahito
635;Paul Van Hugh
643;Randy Bradley
669;Ralph Kennedy
671;Raymond Messe
672;Robert Marley
673;Roland Murray
699;Steve Carroll
700;Steve Chapman
714;Sally Hughsby
717;Sanjit Jacobs
720;Sally Knutson
729;Sibella Parks
735;Steven Roelle
740;Sung Shariari
755;Thomas Boland
765;Theresa Coyne
766;Toby Carlisle
768;Tracy Collins
769;Tamara Dahlen
773;Thea Hudgings
774;Tiffany House
775;Tracy Hopkins
777;Tony Molinari
778;Tanja Norvell
783;Thais Sissman
784;Theresa Swint
786;Toby Swindell
791;Trudy Schmidt
795;Tonja Turnell
804;Vivian Mathis
810;William Brown
813;Yana Sorensen
24;Allen Armold
25;Andrew Allen
39;Art Ferguson
43;Alex Grayson
46;Andy Gerbode
62;Astrea Jones
68;Alex Russell
76;Adrian Shami
78;Alan Shonely
83;Anthony Witt
86;Annie Zypern
93;Brian Dahlen
113;Becky Martin
117;Brad Norvell
122;Bart Pistole
124;Ben Peterman
127;Bill Shonely
128;Bill Stewart
141;Bart Watters
153;Chris Cortes
162;Carol Darley
168;Carl Jackson
172;Clytie Kelty
176;Craig Leslie
179;Chad McGuire
182;Chris McAfee
192;Craig Reiter
197;Chad Sievert
205;Carol Triggs
209;Craig Yedwab
214;David Bremer
221;Duane Benoit
222;Dan Campbell
223;Debra Catini
244;Dionis Lloyd
245;Dorris liebe
246;Dario Medina
250;Duane Noonan
251;Denny Ordway
254;Dave Poirier
260;Darrin Sayre
264;David Wiener
273;Eric Barreto
278;Emily Ducich
280;Edward Hooks
292;Eric Murdock
295;Eugene Moren
306;Frank Hawley
308;Fred Hopkins
310;Frank Merwin
320;Greg Guthrie
327;Gary Mitchum
328;Gene McClure
330;Greg Maxwell
335;Guy Thornton
342;Harold Engle
344;Harry Greene
350;Hunter Lopez
361;Irene Maddox
362;Joseph Airdo
368;Jenna Caffey
369;John Castell
374;Julia Dunbar
381;Jamie Frazer
385;Jeremy Farry
388;James Galang
395;Justin Hirsh
397;Joel Jenkins
398;Jamie Kunitz
401;Jim Karlsson
407;James Lanier
412;Janet Martin
421;Jesus Ocampo
457;Ken Lonsdale
458;Kalyca Meade
460;Khloe Miller
461;Kunst Miller
471;Larry Blacks
477;Liz Carlisle
478;Logan Currie
479;Lela Donovan
483;Larry Hughes
492;Lena Radford
496;Luke Schmidt
500;Liz Thompson
505;Matt Abelman
510;Mark Cousins
511;Matt Collins
513;Matt Connell
515;Michael Chen
541;Mike Kennedy
543;Maris LaWare
546;Muhammed Lee
553;Meg O'Connel
558;Mathew Reese
569;Mitch Webber
585;Nicole Fjeld
589;Neil Knudson
591;Nathan Mautz
592;Neoma Murray
593;Naresj Patel
597;Nick Radford
599;Noel Staavos
606;Peter Bühler
607;Philip Brown
611;Peter Fuller
619;Paul Knutson
630;Patrick Ryan
631;Pamela Stobb
637;Pierre Wener
638;Quincy Jones
639;Ralph Arnett
640;Ruben Ausman
644;Raymond Buch
646;Rick Bensley
649;Roger Barcio
663;Roland Fjeld
668;Rob Haberlin
674;Rose O'Brian
675;Rachel Payne
676;Resi Pölking
678;Ralph Ritter
684;Rob Williams
686;Sue Ann Reed
689;Sean Braxton
692;Sanjit Chand
697;Shaun Chance
698;Sonia Cooley
706;Sanjit Engle
708;Sarah Foster
711;Sheri Gordon
718;Sarah Jordon
726;Skye Norling
727;Steve Nguyen
733;Susan Pistek
739;Sonia Sunley
753;Tom Ashbrook
757;Tim Brockman
764;Tamara Chand
767;Tony Chapman
771;Trudy Glocke
780;Tom Prescott
781;Tracy Poddar
787;Todd Sumrall
790;Troy Staebel
805;Victor Preis
811;Xylona Preis
30;Aimee Bixby
31;Alan Barnes
47;Anna Gayman
52;Adrian Hane
53;Alan Haines
56;Angele Hood
71;Andy Reiter
81;Alyssa Tate
97;Bryan Davis
98;Bill Eplett
99;Bobby Elias
102;Barry Franz
116;Bryan Mills
136;Brad Thomas
142;Ben Wallace
143;Carol Adams
155;Chuck Clark
161;Carlos Daly
166;Claire Gute
167;Cathy Hwang
173;Cyma Kinney
174;Carl Ludwig
175;Clay Ludtke
184;Chuck Magee
191;Corey Roper
193;Cyra Reiten
202;Chuck Sachs
211;Daniel Byrd
212;Darren Budd
213;Dave Brooks
215;Dean Braden
232;Doug Jacobs
234;Dana Kaydos
239;Dennis Kane
241;Daniel Lacy
256;Dean percer
261;David Smith
272;Emily Burns
279;Emily Grady
300;Erica Smith
307;Fred Harton
311;Fred McMath
312;Frank Olsen
313;Frank Preis
317;George Bell
321;Gary Hansen
324;Greg Hansen
325;Grace Kelly
326;Gary McGarr
331;Guy Phonely
348;Heather Jas
351;Harry Marie
355;Harold Ryan
357;Henia Zydlo
358;Ivan Gibson
359;Ivan Liston
373;Joy Daniels
389;Jason Gross
392;John Huston
394;Joseph Holt
406;Jack Lebron
416;Jim Mitchum
417;John Murray
425;Jim Radford
441;Ken Brennan
463;Kean Nguyen
482;Luke Foster
485;Lisa Hazard
517;Mike Caudle
536;Maya Herman
555;Mark Packer
565;Meg Tillman
577;Nat Carroll
578;Nathan Cano
580;Noah Childs
582;Neil Ducich
603;Olvera Toch
623;Peter McVee
647;Rob Beeghly
651;Roy Collins
653;Rick Duston
656;Roger Demir
658;Ruben Dartt
665;Rick Hansen
683;Rick Wilson
688;Sarah Brown
694;Scott Cohen
723;Sean Miller
743;Seth Vernon
747;Scot Wooten
750;Shaun Weien
751;Steven Ward
763;Trudy Brown
782;Toby Ritter
785;Thomas Seio
788;Tom Stivers
792;Ted Trevino
794;Tim Taslimi
802;Vivek Grady
23;Alex Avila
37;Anna Chung
40;Art Foster
54;Alan Hwang
66;Anne Pryor
80;Ann Steele
85;Andy Yotov
95;Brian Derr
100;Brad Eason
105;Ben Ferrer
110;Bruce Geld
115;Brian Moss
121;Barry Pond
126;Beth Paige
134;Bill Tyler
187;Corey-Lock
194;Cari Sayre
208;Carl Weiss
225;Deanra Eno
240;Dan Lawera
249;Don Miller
269;Ed Braxton
274;Erica Bern
285;Evan Henry
287;Eva Jacobs
298;Emily Phan
301;Erin Smith
304;Fred Chung
322;Gary Hwang
371;John Dryer
378;Joe Elijah
379;Joel Eaton
386;Jill Fjeld
387;Jack Garza
390;John Grady
400;Jay Kimmel
405;Julie Kriz
411;John Lucas
435;Julia West
437;Karen Bern
438;Karl Braun
454;Ken Heidel
465;Karen Seio
489;Lori Olson
498;Lynn Smith
499;Larry Tron
504;Luke Weiss
508;Mick Brown
509;Marc Crier
544;Max Ludwig
586;Nat Gilpin
594;Nora Paige
596;Nora Preis
612;Philip Fox
621;Paul Lucas
629;Paul Prost
650;Ross Baird
652;Ryan Crowe
682;Roy Skaria
687;Sarah Bern
690;Sam Craven
693;Scot Coram
704;Sung Chung
745;Stuart Van
749;Sean Wendt
752;Sam Zeldin
759;Todd Boyes
770;Toby Gnade
789;Tony Sayre
33;Ann Blume
36;Ann Chong
51;Adam Hart
104;Bart Folk
123;Becky Pak
230;Denny Joy
231;Don Jones
236;Dave Kipp
238;Dean Katz
266;Don Weiss
286;Ed Jacobs
289;Ed Ludwig
293;Erin Mull
323;Gene Hale
334;Greg Tran
365;Joy Bell-
408;Janet Lee
432;Joy Smith
433;Jane Waco
440;Ken Black
491;Liz Preis
493;Lisa Ryan
521;Max Engle
539;Max Jones
574;Mary Zewe
576;Nona Balk
620;Pete Kriz
642;Ryan Akin
670;Rob Lucas
679;Rick Reed
797;Tracy Zic
55;Amy Hunt
383;Jay Fein
402;Jim Kriz
410;John Lee
429;Jim Sink
448;Ken Dana
654;Rob Dowd
677;Roy Phan
732;Sung Pak
741;Shui Tom
35;Amy Cox
377;Jim Epp
